Filename,Red,Green,Blue
193074.jpg,208,191,163
233252.jpg,31,20,24
9223372032559827371.jpg,191,173,151
9223372032559850847.jpg,241,242,241
9223372032559850853.jpg,6,3,10
233246.jpg,20,22,21
242454.jpg,251,247,244
9223372032559840315.jpg,238,221,195
242440.jpg,253,231,194
233291.jpg,0,0,0
9223372032559850884.jpg,210,167,122
9223372032559850890.jpg,77,88,84
233285.jpg,205,206,200
222161.jpg,0,45,104
317870.jpg,219,207,185
222175.jpg,0,1,0
317864.jpg,218,209,192
233736.jpg,203,177,154
9223372032559854189.jpg,220,209,179
317858.jpg,221,208,192
222149.jpg,243,237,225
233722.jpg,0,1,0
223531.jpg,236,237,231
9223372032559854162.jpg,129,128,124
9223372032559820807.jpg,255,255,255
317657.jpg,76,70,58
233093.jpg,235,227,208
9223372032559820813.jpg,255,247,245
317643.jpg,227,220,202
233087.jpg,42,41,39
333093.jpg,240,223,215
317904.jpg,242,235,191
329632.jpg,255,255,255
233118.jpg,233,217,184
9223372032559820754.jpg,240,240,240
329626.jpg,214,207,197
317910.jpg,224,218,202
333118.jpg,238,225,217
315691.jpg,31,35,38
233642.jpg,18,12,12
233124.jpg,211,203,182
9223372032559820768.jpg,255,248,232
233656.jpg,10,8,11
315685.jpg,242,235,207
9223372032559820797.jpg,255,248,235
318438.jpg,198,180,168
9223372032559820783.jpg,255,251,248
233681.jpg,254,239,208
233695.jpg,255,255,255
222217.jpg,255,255,255
9223372032559823739.jpg,225,215,188
193100.jpg,218,209,192
239623.jpg,190,169,142
222203.jpg,225,196,164
233326.jpg,235,211,167
9223372032559850933.jpg,226,185,133
223653.jpg,228,208,184
9223372032559850927.jpg,151,134,118
223647.jpg,227,210,166
233332.jpg,251,246,227
9223372032559854214.jpg,76,87,109
240337.jpg,236,216,183
9223372032559840261.jpg,226,210,185
317509.jpg,226,211,180
297335.jpg,222,207,178
317521.jpg,255,255,255
297453.jpg,225,200,159
297447.jpg,208,186,149
297321.jpg,171,165,149
9223372032559840249.jpg,211,199,173
317535.jpg,238,238,240
297446.jpg,164,149,126
317534.jpg,254,254,254
9223372032559840248.jpg,229,216,197
297320.jpg,226,204,167
317520.jpg,236,225,195
297334.jpg,209,185,149
297452.jpg,164,152,130
317508.jpg,245,245,237
9223372032559840260.jpg,236,211,181
240336.jpg,255,235,188
9223372032559854215.jpg,5,11,25
223646.jpg,255,255,199
9223372032559850926.jpg,121,115,103
233333.jpg,12,10,13
233327.jpg,17,7,8
223652.jpg,188,202,169
9223372032559850932.jpg,247,255,255
193101.jpg,19,19,19
222202.jpg,0,0,0
222216.jpg,235,222,203
9223372032559823738.jpg,185,174,156
233694.jpg,2,2,2
233680.jpg,25,20,26
9223372032559820782.jpg,255,250,246
318439.jpg,222,222,222
9223372032559820796.jpg,255,248,235
233131.jpg,4,0,0
315684.jpg,237,229,216
233657.jpg,17,11,11
233643.jpg,18,17,15
315690.jpg,42,34,23
9223372032559820769.jpg,244,218,193
317911.jpg,239,223,207
329627.jpg,228,223,194
333119.jpg,227,227,227
9223372032559820755.jpg,67,65,68
233119.jpg,231,218,184
329633.jpg,221,210,180
317905.jpg,226,216,206
233086.jpg,170,148,127
317642.jpg,255,250,208
9223372032559820812.jpg,231,218,209
333092.jpg,254,255,239
9223372032559847123.jpg,54,55,50
233092.jpg,41,39,42
317656.jpg,166,171,174
9223372032559820806.jpg,229,214,171
9223372032559854163.jpg,217,202,171
222148.jpg,241,234,216
317859.jpg,255,255,255
9223372032559854188.jpg,238,229,212
223530.jpg,0,0,12
233723.jpg,8,0,0
233737.jpg,225,211,174
317865.jpg,205,189,164
222174.jpg,0,0,12
233079.jpg,226,214,200
317871.jpg,234,221,202
222160.jpg,226,225,223
9223372032559850891.jpg,169,154,149
233284.jpg,6,7,9
233290.jpg,248,224,188
9223372032559850885.jpg,26,16,14
242441.jpg,9,29,30
9223372032559840314.jpg,231,215,189
242455.jpg,228,205,173
9223372032559850852.jpg,25,30,34
233247.jpg,23,19,20
9223372032559827370.jpg,156,166,167
233253.jpg,19,10,11
9223372032559850846.jpg,78,76,57
193075.jpg,253,245,242
233279.jpg,14,8,8
193077.jpg,24,25,30
9223372032559850878.jpg,235,205,171
233245.jpg,0,0,0
9223372032559850850.jpg,19,20,24
233251.jpg,14,15,10
9223372032559827372.jpg,44,24,35
242443.jpg,252,232,195
9223372032559840316.jpg,220,203,173
233286.jpg,32,31,29
193088.jpg,255,255,234
9223372032559850893.jpg,103,125,53
314639.jpg,233,219,180
9223372032559850887.jpg,21,24,29
317867.jpg,0,0,0
222176.jpg,208,210,199
317873.jpg,245,239,225
222162.jpg,255,255,255
233709.jpg,242,210,159
233721.jpg,255,242,207
223532.jpg,206,206,218
233735.jpg,255,243,227
9223372032559854161.jpg,229,224,204
333090.jpg,236,235,233
9223372032559820810.jpg,101,31,29
222189.jpg,242,235,217
317898.jpg,196,187,156
233084.jpg,0,1,0
317640.jpg,252,251,207
9223372032559854149.jpg,251,243,222
9223372032559820804.jpg,174,71,75
233090.jpg,43,39,40
317654.jpg,219,213,197
233669.jpg,219,219,227
329625.jpg,228,221,211
317913.jpg,234,211,193
317907.jpg,229,216,197
329631.jpg,219,210,179
9223372032559820757.jpg,239,236,229
233655.jpg,255,204,157
315686.jpg,224,221,202
233133.jpg,0,0,9
233127.jpg,0,0,2
192989.jpg,255,226,182
315692.jpg,53,50,45
233641.jpg,20,14,16
315679.jpg,255,255,255
9223372032559820780.jpg,255,251,248
192976.jpg,38,33,30
9223372032559820794.jpg,255,254,249
233696.jpg,17,16,14
233682.jpg,255,227,187
222200.jpg,193,180,189
193103.jpg,238,218,191
9223372032559850918.jpg,188,146,106
239634.jpg,244,239,209
233319.jpg,49,41,39
222214.jpg,244,238,216
233331.jpg,20,14,16
9223372032559850924.jpg,19,19,19
223644.jpg,249,245,242
9223372032559850930.jpg,9,41,82
223650.jpg,192,177,158
233325.jpg,14,13,11
222228.jpg,14,0,15
9223372032559854203.jpg,249,241,230
9223372032559854217.jpg,252,240,214
240334.jpg,61,54,62
9223372032559840262.jpg,232,215,189
297322.jpg,233,205,155
317536.jpg,144,141,126
297444.jpg,9,13,24
297450.jpg,255,238,192
297336.jpg,0,0,0
317522.jpg,0,0,0
297451.jpg,34,69,45
317523.jpg,0,0,0
297337.jpg,229,199,161
317537.jpg,216,202,175
297323.jpg,232,232,194
297445.jpg,255,233,192
9223372032559840263.jpg,213,197,172
240335.jpg,249,240,223
9223372032559854216.jpg,230,221,192
9223372032559850931.jpg,250,254,255
222229.jpg,134,170,182
233324.jpg,250,233,215
233330.jpg,18,16,17
223645.jpg,255,246,187
9223372032559850925.jpg,37,23,20
239635.jpg,87,101,128
222215.jpg,255,254,206
233318.jpg,24,12,12
222201.jpg,1,1,3
193102.jpg,247,233,207
9223372032559850919.jpg,170,146,102
233683.jpg,255,255,227
233697.jpg,17,15,16
192977.jpg,240,232,211
9223372032559820795.jpg,255,243,227
315678.jpg,43,42,40
9223372032559820781.jpg,255,252,247
192988.jpg,227,220,210
233126.jpg,4,0,0
233640.jpg,22,16,18
315693.jpg,11,10,15
315687.jpg,249,245,234
233654.jpg,24,15,16
233132.jpg,255,242,207
9223372032559820756.jpg,104,93,89
329630.jpg,233,229,220
317906.jpg,77,73,70
233668.jpg,255,255,243
317912.jpg,212,199,180
329624.jpg,199,180,150
317655.jpg,228,199,159
233091.jpg,153,151,154
9223372032559820805.jpg,243,235,224
333091.jpg,238,237,235
9223372032559854148.jpg,219,203,170
317641.jpg,249,240,209
233085.jpg,94,82,56
317899.jpg,218,209,192
222188.jpg,143,143,143
9223372032559820811.jpg,255,255,255
9223372032559854160.jpg,228,223,201
233734.jpg,21,14,22
223533.jpg,208,190,180
233720.jpg,255,252,233
222163.jpg,0,0,2
317872.jpg,223,214,199
233708.jpg,247,233,207
222177.jpg,215,200,177
317866.jpg,248,243,224
9223372032559850886.jpg,255,255,255
314638.jpg,236,224,182
233293.jpg,16,14,17
233287.jpg,245,193,146
193089.jpg,237,223,174
9223372032559850892.jpg,41,25,25
9223372032559840317.jpg,234,218,193
242442.jpg,204,170,125
9223372032559850845.jpg,233,228,224
9223372032559827373.jpg,157,125,102
233250.jpg,250,220,148
233244.jpg,0,0,0
9223372032559827367.jpg,74,100,125
9223372032559850851.jpg,24,24,32
9223372032559850879.jpg,225,225,225
233278.jpg,21,15,19
193076.jpg,44,41,36
9223372032559850855.jpg,82,87,91
233240.jpg,0,0,0
233254.jpg,228,220,209
9223372032559850841.jpg,52,49,49
193072.jpg,34,26,37
9223372032559850869.jpg,229,223,223
233268.jpg,254,254,254
193066.jpg,0,0,4
9223372032559850896.jpg,41,39,42
314628.jpg,185,176,135
233283.jpg,252,235,183
233297.jpg,30,26,25
193099.jpg,222,215,196
9223372032559850882.jpg,250,188,75
242446.jpg,43,42,40
242452.jpg,10,0,0
9223372032559840313.jpg,230,209,180
223537.jpg,255,255,255
233724.jpg,22,16,16
233730.jpg,15,13,14
317862.jpg,209,197,181
222173.jpg,249,229,176
233718.jpg,16,14,15
317876.jpg,218,205,186
222167.jpg,202,201,199
9223372032559820815.jpg,255,255,255
233081.jpg,13,15,12
317645.jpg,194,189,157
333095.jpg,217,208,193
9223372032559854158.jpg,232,225,196
222198.jpg,238,222,188
317889.jpg,212,216,199
9223372032559820801.jpg,58,60,57
233095.jpg,244,240,237
317651.jpg,194,182,166
9223372032559854170.jpg,244,238,222
9223372032559820829.jpg,255,255,255
315708.jpg,175,176,180
9223372032559854164.jpg,223,209,183
192998.jpg,246,245,241
233136.jpg,255,227,101
233650.jpg,16,14,15
315683.jpg,24,24,24
315697.jpg,23,23,23
233644.jpg,18,16,17
233122.jpg,254,255,255
317916.jpg,190,171,139
233678.jpg,28,27,25
317902.jpg,226,196,172
329634.jpg,210,196,167
9223372032559820752.jpg,27,28,23
233693.jpg,1,0,0
233687.jpg,4,2,3
9223372032559820785.jpg,57,57,55
315668.jpg,33,33,33
9223372032559820791.jpg,254,253,249
9223372032559820949.jpg,255,255,255
223641.jpg,243,219,173
9223372032559850921.jpg,81,72,67
233334.jpg,245,229,195
222239.jpg,233,231,236
233320.jpg,21,19,32
223655.jpg,194,180,171
9223372032559850935.jpg,233,219,193
239625.jpg,5,7,6
233308.jpg,14,0,0
222205.jpg,177,177,187
222211.jpg,2,2,12
239631.jpg,0,0,0
9223372032559850909.jpg,12,7,11
297441.jpg,248,230,190
297327.jpg,230,203,158
317533.jpg,21,22,16
297333.jpg,255,231,183
317527.jpg,255,255,255
314748.jpg,0,4,0
297455.jpg,152,154,143
9223372032559854206.jpg,229,224,205
9223372032559854212.jpg,227,211,178
240331.jpg,223,196,167
9223372032559840266.jpg,226,209,179
240330.jpg,104,140,174
9223372032559854213.jpg,240,223,193
9223372032559840514.jpg,235,218,192
9223372032559854207.jpg,230,223,195
317526.jpg,228,227,222
297332.jpg,255,242,207
297454.jpg,226,207,175
314749.jpg,216,215,211
297440.jpg,137,128,113
317532.jpg,225,225,225
297326.jpg,225,208,178
222210.jpg,43,47,48
9223372032559850908.jpg,47,43,42
239630.jpg,0,0,0
239624.jpg,152,129,121
222204.jpg,0,2,0
233309.jpg,13,12,10
233321.jpg,255,255,255
9223372032559850934.jpg,35,29,29
223654.jpg,180,151,117
9223372032559850920.jpg,22,18,19
223640.jpg,229,215,170
222238.jpg,217,204,185
233335.jpg,9,3,5
315669.jpg,38,39,44
9223372032559820948.jpg,255,255,255
9223372032559820790.jpg,254,253,249
9223372032559820784.jpg,227,198,168
233686.jpg,13,12,10
233692.jpg,1,1,1
233679.jpg,249,242,223
9223372032559820753.jpg,248,244,232
329635.jpg,0,0,0
317903.jpg,229,213,188
317917.jpg,250,217,166
329621.jpg,216,203,187
233645.jpg,13,11,12
315696.jpg,249,249,239
233123.jpg,230,199,155
233137.jpg,6,0,0
192999.jpg,30,32,29
315682.jpg,223,223,221
233651.jpg,18,18,18
9223372032559854165.jpg,54,53,49
9223372032559820828.jpg,205,188,172
315709.jpg,9,15,31
317650.jpg,223,204,161
233094.jpg,245,240,234
9223372032559820800.jpg,224,217,189
317888.jpg,240,223,197
222199.jpg,197,181,182
9223372032559854159.jpg,227,209,173
317644.jpg,219,207,185
9223372032559820814.jpg,238,227,165
333094.jpg,255,255,255
222166.jpg,222,189,170
317877.jpg,222,213,198
222172.jpg,234,219,188
317863.jpg,238,220,198
233719.jpg,1,0,0
9223372032559840879.jpg,255,255,255
233731.jpg,221,211,142
233725.jpg,255,255,255
223536.jpg,240,232,209
9223372032559840312.jpg,239,222,196
242453.jpg,61,65,50
242447.jpg,26,26,26
233296.jpg,0,0,2
193098.jpg,228,213,190
9223372032559850883.jpg,0,0,0
314629.jpg,197,185,173
9223372032559850897.jpg,22,24,23
233282.jpg,253,226,155
233269.jpg,14,14,14
193067.jpg,31,4,37
193073.jpg,255,213,171
9223372032559850868.jpg,168,152,152
233255.jpg,0,0,0
9223372032559850840.jpg,45,49,39
9223372032559850854.jpg,34,22,32
233241.jpg,0,0,0
9223372032559850842.jpg,27,29,29
9223372032559840489.jpg,38,33,30
233257.jpg,252,236,203
233243.jpg,0,0,0
9223372032559850856.jpg,31,28,39
193071.jpg,203,182,197
9223372032559850881.jpg,85,134,151
233294.jpg,14,0,0
233280.jpg,11,5,5
9223372032559850895.jpg,175,143,146
242451.jpg,255,255,255
242445.jpg,217,208,199
317849.jpg,233,199,172
222158.jpg,234,199,131
223534.jpg,56,55,53
233727.jpg,0,0,0
222164.jpg,255,247,149
317875.jpg,77,73,70
9223372032559821249.jpg,246,237,228
222170.jpg,235,202,157
317861.jpg,224,215,198
9223372032559820802.jpg,208,194,165
317652.jpg,0,0,0
233096.jpg,244,225,211
333096.jpg,239,225,222
9223372032559820816.jpg,255,255,255
317646.jpg,191,45,56
233082.jpg,250,211,152
9223372032559854167.jpg,173,179,165
233121.jpg,223,208,167
315694.jpg,252,248,237
233647.jpg,255,255,255
233653.jpg,31,15,16
315680.jpg,236,227,194
317929.jpg,239,234,204
9223372032559820779.jpg,230,191,122
233135.jpg,1,0,0
317901.jpg,226,222,197
329637.jpg,236,231,212
333109.jpg,43,42,40
329623.jpg,229,194,164
317915.jpg,221,212,195
233109.jpg,254,255,255
233684.jpg,20,9,15
233690.jpg,20,14,16
9223372032559820792.jpg,254,253,248
318429.jpg,193,177,164
9223372032559820786.jpg,255,250,247
223656.jpg,203,170,125
9223372032559850936.jpg,36,41,47
233323.jpg,8,0,0
223642.jpg,255,255,255
9223372032559850922.jpg,76,27,23
239632.jpg,48,48,46
222212.jpg,237,226,208
222206.jpg,248,230,182
9223372032559823728.jpg,115,93,72
239626.jpg,17,15,16
297456.jpg,245,223,182
297330.jpg,245,225,190
9223372032559840258.jpg,231,215,190
317524.jpg,81,71,62
297324.jpg,228,205,164
317530.jpg,2,4,3
297442.jpg,152,141,123
9223372032559854211.jpg,229,222,194
240332.jpg,92,82,73
9223372032559840264.jpg,232,215,189
317518.jpg,25,23,28
297318.jpg,233,219,190
9223372032559854205.jpg,84,80,79
9223372032559854204.jpg,230,216,187
297319.jpg,217,191,154
317519.jpg,255,255,251
9223372032559840265.jpg,238,221,195
240333.jpg,254,246,225
9223372032559854210.jpg,226,207,174
317531.jpg,207,200,190
297325.jpg,255,232,190
297443.jpg,231,213,175
297457.jpg,230,214,181
317525.jpg,255,255,255
9223372032559840259.jpg,236,211,181
297331.jpg,150,151,135
222207.jpg,255,254,255
239627.jpg,212,203,188
9223372032559823729.jpg,255,255,255
239633.jpg,211,196,173
222213.jpg,252,251,247
9223372032559850923.jpg,187,161,138
9223372032559850937.jpg,200,208,197
223657.jpg,227,217,182
233322.jpg,0,1,0
9223372032559820787.jpg,255,251,248
318428.jpg,235,235,235
9223372032559820793.jpg,59,59,57
233691.jpg,7,7,9
233685.jpg,206,183,142
233108.jpg,203,186,160
317914.jpg,235,231,219
329622.jpg,217,210,182
329636.jpg,214,205,174
317900.jpg,218,207,179
333108.jpg,214,154,81
333120.jpg,214,219,225
315681.jpg,26,26,26
233652.jpg,0,0,0
233134.jpg,0,0,2
9223372032559820778.jpg,255,239,223
317928.jpg,243,238,219
367217.jpg,252,230,207
233120.jpg,227,211,175
233646.jpg,18,12,14
315695.jpg,44,48,57
9223372032559854166.jpg,233,223,196
333097.jpg,232,232,230
233083.jpg,0,1,6
317647.jpg,215,209,197
9223372032559820817.jpg,171,144,91
233097.jpg,0,5,11
317653.jpg,236,218,194
9223372032559820803.jpg,232,225,196
9223372032559821248.jpg,230,224,212
317860.jpg,224,207,179
222171.jpg,161,167,179
317874.jpg,223,209,180
222165.jpg,2,1,6
233726.jpg,15,9,9
223535.jpg,241,239,227
222159.jpg,253,243,208
317848.jpg,155,175,173
233732.jpg,216,190,165
242444.jpg,190,174,141
9223372032559840311.jpg,232,215,189
242450.jpg,197,204,152
233281.jpg,0,0,0
9223372032559850894.jpg,255,223,182
9223372032559850880.jpg,203,195,176
233295.jpg,16,10,10
193070.jpg,209,203,187
233242.jpg,5,5,5
9223372032559850857.jpg,222,215,207
9223372032559840488.jpg,29,25,22
9223372032559850843.jpg,163,187,214
233256.jpg,17,11,11
242392.jpg,55,61,59
193003.jpg,26,27,32
233219.jpg,15,5,6
193017.jpg,30,23,13
9223372032559850824.jpg,32,22,20
233557.jpg,239,220,178
9223372032559821005.jpg,12,5,13
233231.jpg,212,203,186
233225.jpg,255,234,213
9223372032559850830.jpg,202,187,180
9223372032559821011.jpg,224,217,199
242437.jpg,255,255,255
242423.jpg,173,0,54
233594.jpg,5,3,4
233580.jpg,159,154,135
233769.jpg,15,13,16
9223372032559823376.jpg,186,175,171
233755.jpg,227,209,163
223546.jpg,255,228,181
233741.jpg,11,11,9
223552.jpg,255,255,217
9223372032559823362.jpg,36,36,36
9223372032559854101.jpg,233,208,167
317608.jpg,255,255,255
9223372032559840612.jpg,129,116,97
9223372032559854115.jpg,253,246,228
317634.jpg,227,224,219
223585.jpg,224,203,160
223591.jpg,230,216,207
9223372032559854129.jpg,217,199,161
317620.jpg,222,220,208
329651.jpg,228,219,202
233609.jpg,255,255,255
329645.jpg,224,215,198
233147.jpg,254,237,209
233621.jpg,27,22,26
233635.jpg,222,205,179
233153.jpg,219,245,198
310775.jpg,192,156,132
310761.jpg,241,243,238
9223372032559820938.jpg,239,235,223
233184.jpg,0,0,5
9223372032559855357.jpg,237,230,202
233190.jpg,193,195,174
240397.jpg,25,25,23
239640.jpg,239,221,197
223618.jpg,255,252,233
9223372032559850788.jpg,36,35,30
9223372032559821171.jpg,21,22,17
9223372032559850950.jpg,6,5,10
223630.jpg,201,177,177
317581.jpg,229,220,211
222248.jpg,235,222,203
317595.jpg,248,247,245
9223372032559850944.jpg,199,174,117
223624.jpg,237,209,161
9223372032559850777.jpg,144,147,152
9223372032559840564.jpg,236,219,193
240354.jpg,242,227,208
240340.jpg,237,214,172
297418.jpg,254,234,197
9223372032559840570.jpg,226,209,183
9223372032559840558.jpg,226,208,184
297430.jpg,201,184,156
240368.jpg,154,141,122
297356.jpg,227,202,161
317542.jpg,249,242,236
297342.jpg,223,205,169
317556.jpg,6,7,12
314739.jpg,142,142,116
297424.jpg,252,225,180
317557.jpg,5,6,11
297343.jpg,157,142,119
297425.jpg,232,232,194
314738.jpg,226,192,128
297431.jpg,176,161,138
9223372032559840559.jpg,233,216,190
317543.jpg,0,0,0
297357.jpg,223,207,171
240341.jpg,237,221,185
297419.jpg,143,134,117
9223372032559840565.jpg,238,221,195
9223372032559850776.jpg,19,14,20
297380.jpg,210,193,163
317594.jpg,42,31,25
223625.jpg,36,25,29
9223372032559850945.jpg,109,88,83
223631.jpg,243,236,218
9223372032559850951.jpg,77,75,86
9223372032559850789.jpg,80,74,86
222249.jpg,209,204,211
317580.jpg,238,238,230
223619.jpg,249,227,178
240396.jpg,254,254,255
233191.jpg,15,3,3
9223372032559855356.jpg,241,221,186
233185.jpg,203,191,133
310760.jpg,244,245,240
9223372032559820939.jpg,219,216,199
310774.jpg,203,163,104
233634.jpg,8,0,0
233152.jpg,250,226,180
233146.jpg,44,39,43
233620.jpg,255,244,212
233608.jpg,8,2,4
329644.jpg,255,255,255
329650.jpg,230,224,212
223590.jpg,228,214,185
317621.jpg,251,251,249
9223372032559854128.jpg,74,78,81
317635.jpg,217,203,174
223584.jpg,255,240,207
9223372032559854114.jpg,244,237,218
317609.jpg,241,234,228
9223372032559854100.jpg,223,212,192
9223372032559840613.jpg,57,52,48
223553.jpg,255,255,253
233740.jpg,255,255,255
9223372032559823363.jpg,158,146,134
9223372032559823377.jpg,14,11,22
223547.jpg,1,0,0
233754.jpg,255,242,223
233768.jpg,255,255,255
233581.jpg,43,43,43
233595.jpg,0,0,0
242422.jpg,67,118,165
242436.jpg,113,133,132
233224.jpg,18,12,16
9223372032559821010.jpg,216,209,191
9223372032559850831.jpg,94,79,74
9223372032559821004.jpg,235,232,227
233556.jpg,30,17,24
9223372032559850825.jpg,9,15,15
233230.jpg,11,11,11
233218.jpg,11,5,7
193016.jpg,250,233,203
242387.jpg,229,221,210
193002.jpg,241,236,216
9223372032559850819.jpg,64,58,42
242393.jpg,236,195,167
193014.jpg,240,235,231
193000.jpg,253,254,246
242391.jpg,1,1,1
233568.jpg,31,21,22
9223372032559850833.jpg,228,219,208
9223372032559821012.jpg,255,255,255
233226.jpg,15,6,9
233232.jpg,42,36,46
9223372032559850827.jpg,210,131,65
9223372032559821006.jpg,208,194,168
242420.jpg,45,46,51
242434.jpg,41,37,34
233583.jpg,230,214,181
242408.jpg,217,201,178
233597.jpg,9,13,12
9223372032559821238.jpg,248,241,233
223579.jpg,214,199,178
9223372032559823349.jpg,165,148,128
9223372032559823361.jpg,33,30,25
233742.jpg,255,255,255
223551.jpg,0,0,2
233756.jpg,11,10,8
223545.jpg,211,197,168
9223372032559823375.jpg,36,36,44
9223372032559854116.jpg,187,186,166
9223372032559840611.jpg,66,65,63
9223372032559854102.jpg,47,47,49
223592.jpg,197,198,167
223586.jpg,199,198,177
317637.jpg,218,213,191
329646.jpg,232,220,194
329652.jpg,223,216,198
233178.jpg,246,218,171
233150.jpg,225,210,169
233636.jpg,18,12,14
310789.jpg,239,230,223
233622.jpg,29,24,30
233144.jpg,25,25,27
310762.jpg,242,241,239
310776.jpg,237,237,237
233193.jpg,42,39,48
233187.jpg,185,159,124
9223372032559855354.jpg,224,202,145
240394.jpg,227,219,206
9223372032559850947.jpg,239,207,166
223627.jpg,217,200,182
317596.jpg,14,14,16
317582.jpg,6,7,12
297396.jpg,213,192,149
9223372032559821172.jpg,198,185,143
9223372032559850953.jpg,93,94,99
223633.jpg,243,236,218
240343.jpg,242,224,202
317569.jpg,2,2,4
297369.jpg,213,207,175
9223372032559850774.jpg,35,62,69
9223372032559840567.jpg,235,218,198
297427.jpg,255,236,193
297341.jpg,221,202,162
