Filename,Red,Green,Blue
9223372032559873720.jpg,157,123,25
9223372032559869963.jpg,6,0,0
228316.jpg,255,255,255
228302.jpg,0,0,0
9223372032559833847.jpg,0,11,5
9223372032559833853.jpg,46,19,8
9223372032559858189.jpg,70,110,172
9223372032559834053.jpg,0,0,0
228276.jpg,28,32,31
9223372032559834084.jpg,227,194,149
9223372032559833933.jpg,30,32,27
228289.jpg,12,7,4
9223372032559868923.jpg,14,0,0
9223372032559869383.jpg,208,206,211
9223372032559833927.jpg,255,254,255
9223372032559858176.jpg,255,255,242
9223372032559858162.jpg,255,255,255
9223372032559834245.jpg,151,116,86
9223372032559834251.jpg,157,118,85
9223372032559868512.jpg,29,35,33
9223372032559868506.jpg,255,255,255
9223372032559873898.jpg,27,26,21
9223372032559873873.jpg,4,8,7
9223372032559858348.jpg,255,255,255
9223372032559873867.jpg,255,255,255
9223372032559858412.jpg,7,9,6
9223372032559858360.jpg,255,255,255
9223372032559858406.jpg,255,255,255
9223372032559858361.jpg,0,0,0
9223372032559858407.jpg,255,255,255
9223372032559858413.jpg,255,255,255
9223372032559873872.jpg,252,255,255
9223372032559858349.jpg,7,5,6
9223372032559873899.jpg,49,50,36
9223372032559868507.jpg,255,255,255
9223372032559868513.jpg,47,32,27
9223372032559834250.jpg,155,115,80
9223372032559834244.jpg,154,117,88
9223372032559858177.jpg,255,255,255
9223372032559868922.jpg,14,0,0
228288.jpg,16,15,10
9223372032559833926.jpg,0,0,0
9223372032559833932.jpg,115,86,56
9223372032559834085.jpg,255,255,255
228277.jpg,14,0,0
9223372032559834052.jpg,0,0,0
9223372032559864671.jpg,241,243,232
9223372032559858188.jpg,11,11,11
9223372032559833852.jpg,25,23,24
9223372032559833846.jpg,72,15,4
9223372032559868842.jpg,1,0,0
228303.jpg,0,0,0
228317.jpg,255,255,255
9223372032559868665.jpg,0,2,0
9223372032559868659.jpg,221,221,221
9223372032559869962.jpg,32,32,32
9223372032559873721.jpg,127,147,206
365759.jpg,255,243,227
9223372032559873737.jpg,165,125,56
9223372032559873723.jpg,71,61,51
9223372032559873904.jpg,40,32,19
9223372032559869960.jpg,255,255,255
228301.jpg,0,0,0
228315.jpg,255,255,255
9223372032559833850.jpg,1,1,0
9223372032559868840.jpg,11,0,0
9223372032559833844.jpg,255,255,255
9223372032559834050.jpg,0,0,0
228275.jpg,209,195,146
9223372032559834078.jpg,24,0,0
9223372032559833924.jpg,26,22,21
9223372032559834087.jpg,0,0,0
9223372032559833930.jpg,43,39,28
9223372032559858149.jpg,210,210,210
9223372032559833918.jpg,17,0,0
9223372032559858161.jpg,0,0,0
9223372032559858175.jpg,139,163,191
9223372032559868539.jpg,0,0,0
9223372032559834252.jpg,154,115,82
9223372032559834246.jpg,156,119,90
9223372032559858388.jpg,254,255,255
9223372032559868505.jpg,255,255,255
9223372032559873870.jpg,255,255,255
9223372032559858405.jpg,146,168,207
9223372032559870389.jpg,35,10,29
9223372032559858363.jpg,48,115,204
9223372032559858411.jpg,255,255,255
9223372032559858410.jpg,0,2,0
9223372032559870388.jpg,54,52,27
9223372032559858404.jpg,34,83,159
9223372032559858362.jpg,82,124,182
9223372032559873871.jpg,149,59,48
9223372032559868510.jpg,18,0,0
9223372032559858389.jpg,1,1,1
9223372032559834247.jpg,170,127,92
9223372032559868538.jpg,255,255,255
9223372032559834253.jpg,174,131,99
9223372032559858174.jpg,0,0,0
9223372032559858160.jpg,182,182,182
9223372032559833919.jpg,255,255,217
9223372032559858148.jpg,112,98,85
9223372032559833931.jpg,22,0,0
9223372032559834086.jpg,0,0,0
9223372032559833925.jpg,216,186,132
9223372032559834079.jpg,0,0,0
228274.jpg,234,222,206
9223372032559864672.jpg,255,255,255
9223372032559834051.jpg,21,21,21
9223372032559868841.jpg,0,0,0
9223372032559833845.jpg,64,36,14
9223372032559833851.jpg,3,2,0
228314.jpg,0,0,0
228300.jpg,227,225,210
9223372032559869961.jpg,46,46,44
9223372032559873905.jpg,93,73,36
9223372032559873722.jpg,6,5,10
365764.jpg,253,231,0
9223372032559873736.jpg,250,227,196
365758.jpg,254,218,0
365760.jpg,75,60,57
365748.jpg,169,48,29
9223372032559873929.jpg,255,255,255
9223372032559869965.jpg,255,255,255
9223372032559873901.jpg,203,203,203
9223372032559869959.jpg,0,0,0
228304.jpg,0,0,0
9223372032559868676.jpg,4,0,0
228310.jpg,255,255,255
9223372032559868689.jpg,5,6,1
9223372032559833855.jpg,99,42,13
9223372032559833841.jpg,255,255,255
228270.jpg,53,41,27
9223372032559858170.jpg,0,0,0
9223372032559833909.jpg,87,87,97
9223372032559868925.jpg,13,0,0
9223372032559858158.jpg,114,168,212
9223372032559869385.jpg,241,196,154
9223372032559833921.jpg,0,0,0
9223372032559834082.jpg,0,0,0
9223372032559833935.jpg,255,252,255
9223372032559868931.jpg,4,4,4
9223372032559868514.jpg,191,139,17
9223372032559858399.jpg,111,111,123
9223372032559834257.jpg,255,255,255
9223372032559868528.jpg,255,255,255
9223372032559834243.jpg,150,115,85
9223372032559858366.jpg,255,255,255
9223372032559858400.jpg,255,255,255
9223372032559858414.jpg,229,236,246
9223372032559858372.jpg,72,67,63
9223372032559873875.jpg,255,255,255
9223372032559858428.jpg,117,162,227
9223372032559858429.jpg,219,232,251
9223372032559873874.jpg,43,43,37
9223372032559858415.jpg,255,255,255
9223372032559858367.jpg,249,255,255
9223372032559858401.jpg,85,126,170
9223372032559868529.jpg,255,255,255
9223372032559834242.jpg,161,117,88
9223372032559834256.jpg,0,0,0
9223372032559868515.jpg,228,235,241
9223372032559833934.jpg,255,255,244
9223372032559834083.jpg,68,67,73
9223372032559868930.jpg,71,54,47
9223372032559868924.jpg,13,0,0
9223372032559833920.jpg,0,0,0
9223372032559869384.jpg,251,252,246
9223372032559858159.jpg,23,46,88
9223372032559833908.jpg,80,45,15
9223372032559858171.jpg,226,233,241
9223372032559858165.jpg,93,72,71
228271.jpg,5,3,4
9223372032559833840.jpg,255,255,255
9223372032559868688.jpg,254,254,254
9223372032559833854.jpg,20,25,29
228311.jpg,0,0,0
9223372032559868677.jpg,0,0,0
228305.jpg,0,0,2
9223372032559869958.jpg,255,255,255
9223372032559873900.jpg,255,255,255
9223372032559869964.jpg,46,46,12
9223372032559873928.jpg,250,252,249
365749.jpg,238,231,203
365761.jpg,253,207,0
365763.jpg,46,34,36
9223372032559873725.jpg,255,255,255
9223372032559873719.jpg,14,0,0
9223372032559869966.jpg,2,20,22
9223372032559858239.jpg,0,0,0
9223372032559873902.jpg,50,43,27
9223372032559868488.jpg,42,42,42
228313.jpg,251,255,255
228307.jpg,255,255,255
9223372032559868675.jpg,61,59,60
9223372032559868649.jpg,114,124,99
9223372032559833842.jpg,26,25,20
9223372032559833856.jpg,4,3,1
228267.jpg,133,121,99
228273.jpg,138,81,0
9223372032559858173.jpg,67,114,186
9223372032559858167.jpg,0,0,0
9223372032559868932.jpg,255,255,255
228298.jpg,253,250,235
9223372032559834081.jpg,0,0,0
9223372032559833936.jpg,50,40,30
9223372032559833922.jpg,216,216,216
9223372032559868926.jpg,0,1,0
9223372032559868517.jpg,14,0,0
9223372032559834268.jpg,108,75,44
9223372032559834240.jpg,227,183,146
9223372032559834254.jpg,107,65,27
9223372032559858371.jpg,111,172,226
9223372032559858417.jpg,76,142,202
9223372032559858403.jpg,67,112,180
9223372032559858365.jpg,255,255,255
9223372032559873876.jpg,43,44,39
9223372032559858359.jpg,113,146,199
9223372032559858358.jpg,0,106,206
9223372032559873877.jpg,37,51,36
9223372032559858402.jpg,16,60,99
9223372032559858364.jpg,255,255,253
9223372032559858370.jpg,41,89,151
9223372032559858416.jpg,0,0,0
9223372032559834255.jpg,121,101,112
9223372032559834241.jpg,149,106,72
9223372032559834269.jpg,128,113,110
9223372032559868516.jpg,255,255,255
9223372032559833923.jpg,255,255,255
9223372032559868927.jpg,3,2,7
228299.jpg,231,230,209
9223372032559868933.jpg,156,73,59
9223372032559833937.jpg,255,255,255
9223372032559834080.jpg,0,0,0
9223372032559858166.jpg,177,177,169
9223372032559858172.jpg,19,19,19
228272.jpg,14,8,10
9223372032559833843.jpg,0,0,5
9223372032559868648.jpg,255,255,255
228306.jpg,211,208,201
228312.jpg,251,255,255
9223372032559868489.jpg,0,0,0
9223372032559858238.jpg,255,255,255
9223372032559873903.jpg,33,26,20
9223372032559869967.jpg,255,255,255
9223372032559873724.jpg,141,125,74
365762.jpg,255,255,243
9223372032559874010.jpg,246,221,141
9223372032559874004.jpg,158,126,65
9223372032559858288.jpg,234,237,254
365705.jpg,253,209,0
9223372032559873743.jpg,68,68,68
365711.jpg,255,255,0
9223372032559873757.jpg,74,69,40
9223372032559858263.jpg,252,252,254
9223372032559873780.jpg,255,255,255
9223372032559873794.jpg,125,126,121
9223372032559858277.jpg,111,104,98
9223372032559868607.jpg,255,254,239
9223372032559833603.jpg,16,14,27
9223372032559834178.jpg,49,44,40
9223372032559833617.jpg,255,255,255
9223372032559868613.jpg,23,14,15
9223372032559868820.jpg,3,5,17
9223372032559834193.jpg,255,255,255
9223372032559833830.jpg,105,82,66
9223372032559834187.jpg,255,255,255
9223372032559868834.jpg,246,246,234
9223372032559868808.jpg,120,53,37
9223372032559869337.jpg,255,254,255
9223372032559833777.jpg,30,26,27
9223372032559868954.jpg,204,191,172
9223372032559858129.jpg,8,13,7
9223372032559833788.jpg,0,0,0
9223372032559833950.jpg,22,23,25
9223372032559833944.jpg,32,27,21
9223372032559868798.jpg,255,255,255
9223372032559833978.jpg,46,46,46
9223372032559834226.jpg,223,215,204
9223372032559868559.jpg,255,255,255
365659.jpg,196,190,174
9223372032559833575.jpg,152,162,161
9223372032559868571.jpg,47,37,48
365671.jpg,245,229,193
365665.jpg,255,255,255
9223372032559868565.jpg,250,250,212
9223372032559873810.jpg,170,201,255
9223372032559873804.jpg,255,255,255
9223372032559858317.jpg,29,23,23
9223372032559858316.jpg,40,67,120
9223372032559873805.jpg,65,60,40
9223372032559873811.jpg,139,168,164
9223372032559868564.jpg,7,3,1
365664.jpg,244,233,213
9223372032559833574.jpg,6,6,6
365670.jpg,241,224,181
9223372032559868570.jpg,234,85,55
9223372032559868558.jpg,255,253,254
9223372032559834227.jpg,160,151,142
9223372032559833945.jpg,255,253,198
9223372032559868799.jpg,3,0,0
9223372032559833951.jpg,18,21,28
9223372032559833789.jpg,255,253,255
9223372032559858128.jpg,169,185,210
9223372032559869336.jpg,255,255,255
9223372032559868809.jpg,30,14,17
9223372032559834186.jpg,255,255,255
9223372032559833831.jpg,255,255,255
9223372032559868835.jpg,39,43,42
9223372032559868821.jpg,0,2,0
9223372032559834192.jpg,255,255,255
9223372032559833616.jpg,13,0,0
9223372032559834179.jpg,255,255,255
9223372032559868612.jpg,101,70,65
9223372032559868606.jpg,255,255,255
9223372032559833602.jpg,42,28,25
9223372032559873795.jpg,95,71,47
9223372032559858276.jpg,255,255,255
9223372032559858262.jpg,13,12,10
9223372032559873781.jpg,255,255,255
9223372032559873756.jpg,255,255,255
365710.jpg,252,216,0
9223372032559873742.jpg,0,0,0
365704.jpg,252,253,239
9223372032559874005.jpg,207,175,102
9223372032559874011.jpg,204,175,109
9223372032559874007.jpg,75,39,39
9223372032559873768.jpg,37,38,32
9223372032559874013.jpg,56,10,13
365712.jpg,73,61,61
9223372032559873754.jpg,130,108,50
365706.jpg,249,209,0
9223372032559873740.jpg,23,17,17
9223372032559858248.jpg,229,236,246
9223372032559858274.jpg,254,254,254
9223372032559873797.jpg,32,0,0
9223372032559873783.jpg,63,9,58
9223372032559858260.jpg,255,255,253
9223372032559833628.jpg,188,149,120
9223372032559868638.jpg,0,0,2
9223372032559868610.jpg,0,0,0
9223372032559833614.jpg,1,1,1
9223372032559833600.jpg,253,253,251
9223372032559868604.jpg,31,23,2
9223372032559868837.jpg,16,21,40
9223372032559833833.jpg,0,0,0
9223372032559834184.jpg,255,255,255
9223372032559834190.jpg,255,255,255
9223372032559868823.jpg,255,255,255
9223372032559869308.jpg,19,33,36
9223372032559868943.jpg,255,255,255
9223372032559833947.jpg,17,15,16
9223372032559833953.jpg,255,255,251
9223372032559834231.jpg,94,108,121
9223372032559834225.jpg,21,21,21
365666.jpg,252,250,235
9223372032559868566.jpg,12,4,2
9223372032559868572.jpg,248,205,28
365672.jpg,210,222,222
9223372032559834219.jpg,255,255,255
9223372032559833576.jpg,255,237,181
9223372032559873807.jpg,28,30,25
365699.jpg,53,40,60
9223372032559868599.jpg,70,63,53
9223372032559873813.jpg,255,255,255
9223372032559833589.jpg,255,255,255
9223372032559858328.jpg,41,118,200
9223372032559858314.jpg,220,225,219
9223372032559858315.jpg,98,88,86
9223372032559873812.jpg,0,0,0
9223372032559858329.jpg,8,8,8
9223372032559833588.jpg,254,252,255
9223372032559868598.jpg,72,21,17
365698.jpg,253,253,241
365673.jpg,234,223,193
9223372032559868573.jpg,3,3,3
9223372032559833577.jpg,121,124,115
9223372032559834218.jpg,246,231,202
9223372032559868567.jpg,255,255,243
9223372032559834224.jpg,21,21,21
9223372032559834230.jpg,245,223,210
9223372032559833952.jpg,29,36,54
9223372032559868942.jpg,7,9,22
9223372032559877137.jpg,7,6,4
9223372032559869453.jpg,2,1,6
9223372032559834191.jpg,255,255,255
9223372032559868822.jpg,18,22,23
9223372032559868836.jpg,255,255,255
9223372032559834185.jpg,45,50,56
9223372032559833832.jpg,0,7,0
9223372032559833601.jpg,17,16,22
9223372032559868605.jpg,7,11,20
9223372032559868611.jpg,134,138,150
9223372032559833615.jpg,4,5,0
9223372032559868639.jpg,45,23,12
9223372032559833629.jpg,175,166,138
9223372032559873782.jpg,30,33,38
9223372032559858261.jpg,254,254,254
9223372032559858275.jpg,255,251,255
9223372032559873796.jpg,255,255,255
9223372032559858249.jpg,14,42,79
9223372032559873741.jpg,35,43,46
365707.jpg,102,71,69
365713.jpg,254,230,0
9223372032559874012.jpg,255,255,255
9223372032559873769.jpg,73,90,84
9223372032559874006.jpg,255,255,255
365717.jpg,72,66,54
9223372032559873751.jpg,255,255,255
365703.jpg,249,209,0
9223372032559873745.jpg,106,111,140
9223372032559874002.jpg,44,48,51
9223372032559873779.jpg,255,255,255
9223372032559874016.jpg,174,161,144
9223372032559873792.jpg,40,26,23
9223372032559858271.jpg,178,198,222
9223372032559858265.jpg,0,4,0
9223372032559873786.jpg,1,0,0
9223372032559858259.jpg,5,5,5
9223372032559833611.jpg,171,171,171
9223372032559868615.jpg,0,0,2
9223372032559868601.jpg,49,44,40
9223372032559833605.jpg,162,164,161
9223372032559833639.jpg,2,2,2
9223372032559833836.jpg,250,248,249
9223372032559834181.jpg,16,12,11
9223372032559868832.jpg,201,104,95
9223372032559868826.jpg,255,255,253
9223372032559834195.jpg,255,255,243
9223372032559833942.jpg,255,254,255
9223372032559868946.jpg,0,0,0
9223372032559868952.jpg,0,1,0
9223372032559833956.jpg,1,1,3
365663.jpg,240,225,182
9223372032559868563.jpg,14,14,14
9223372032559833567.jpg,255,255,255
9223372032559834208.jpg,255,255,255
9223372032559833573.jpg,215,201,175
9223372032559868577.jpg,249,255,253
365677.jpg,189,174,155
9223372032559834220.jpg,255,253,255
9223372032559873802.jpg,255,255,255
9223372032559858339.jpg,209,209,217
9223372032559833598.jpg,184,171,152
9223372032559868588.jpg,255,66,44
9223372032559873816.jpg,35,33,36
365688.jpg,255,255,255
365689.jpg,255,253,254
9223372032559873817.jpg,255,255,255
9223372032559868589.jpg,47,42,38
9223372032559873803.jpg,125,74,19
9223372032559833599.jpg,163,160,153
9223372032559858338.jpg,93,131,196
9223372032559834221.jpg,255,253,255
9223372032559833572.jpg,87,78,39
365676.jpg,245,229,193
9223372032559868576.jpg,84,34,33
9223372032559868562.jpg,255,255,255
365662.jpg,188,168,133
9223372032559834209.jpg,255,255,255
9223372032559833566.jpg,251,253,252
9223372032559868953.jpg,246,246,234
9223372032559833957.jpg,31,29,34
9223372032559833943.jpg,112,106,118
9223372032559868947.jpg,24,21,16
9223372032559869456.jpg,255,255,255
9223372032559868827.jpg,255,237,213
9223372032559834194.jpg,255,255,255
9223372032559834180.jpg,50,41,32
9223372032559833837.jpg,0,0,0
9223372032559868833.jpg,4,10,10
9223372032559833638.jpg,1,0,5
9223372032559868600.jpg,34,30,29
9223372032559833604.jpg,24,22,23
9223372032559833610.jpg,1,0,40
9223372032559868614.jpg,2,3,7
9223372032559858258.jpg,1,1,1
9223372032559858264.jpg,221,227,239
9223372032559873787.jpg,255,255,255
9223372032559873793.jpg,20,17,0
9223372032559858270.jpg,103,181,255
9223372032559874017.jpg,255,255,255
9223372032559873778.jpg,39,0,0
9223372032559874003.jpg,73,71,12
9223372032559873744.jpg,255,255,255
365702.jpg,89,82,90
9223372032559873750.jpg,42,43,47
365716.jpg,71,68,77
365700.jpg,59,44,41
9223372032559873746.jpg,62,43,37
365714.jpg,243,205,0
9223372032559873752.jpg,255,255,255
9223372032559874015.jpg,236,236,236
365728.jpg,62,43,45
9223372032559874001.jpg,201,209,186
9223372032559873785.jpg,255,235,148
9223372032559858266.jpg,255,255,255
9223372032559858272.jpg,195,173,160
9223372032559833606.jpg,153,152,150
9223372032559834169.jpg,0,0,12
9223372032559868602.jpg,0,0,0
9223372032559833612.jpg,11,12,7
9223372032559834196.jpg,96,66,38
9223372032559868825.jpg,4,0,0
9223372032559868831.jpg,27,26,22
9223372032559833835.jpg,251,255,255
9223372032559834182.jpg,254,254,254
9223372032559869468.jpg,255,255,255
9223372032559869454.jpg,255,255,255
9223372032559833955.jpg,1,1,1
9223372032559868951.jpg,52,44,41
9223372032559868945.jpg,202,93,36
9223372032559833941.jpg,226,228,241
9223372032559858138.jpg,154,176,226
9223372032559868574.jpg,69,23,0
365674.jpg,229,214,173
9223372032559833570.jpg,36,20,7
9223372032559833564.jpg,41,36,42
365660.jpg,241,224,196
9223372032559868560.jpg,230,241,247
9223372032559868548.jpg,107,32,39
9223372032559834223.jpg,21,20,25
9223372032559873815.jpg,235,239,238
9223372032559873801.jpg,194,139,59
9223372032559873800.jpg,168,105,0
9223372032559873814.jpg,245,206,77
9223372032559858313.jpg,255,255,255
9223372032559868549.jpg,255,255,255
9223372032559834222.jpg,19,19,19
9223372032559833565.jpg,4,0,0
9223372032559868561.jpg,30,25,21
365661.jpg,0,0,0
365675.jpg,255,222,151
9223372032559868575.jpg,2,4,17
9223372032559833571.jpg,246,247,252
9223372032559868944.jpg,13,3,2
9223372032559858139.jpg,100,93,85
9223372032559833940.jpg,0,2,0
9223372032559833954.jpg,255,255,236
9223372032559868950.jpg,255,255,255
9223372032559869455.jpg,253,255,254
9223372032559869469.jpg,188,184,139
9223372032559868830.jpg,255,255,255
9223372032559834183.jpg,30,26,25
9223372032559833834.jpg,245,255,255
9223372032559834197.jpg,74,68,56
9223372032559868818.jpg,255,255,255
9223372032559833613.jpg,1,1,1
9223372032559834168.jpg,10,11,6
9223372032559833607.jpg,144,144,144
9223372032559868603.jpg,244,249,243
9223372032559858273.jpg,154,180,229
9223372032559873790.jpg,4,0,0
9223372032559873784.jpg,1,0,0
9223372032559858267.jpg,255,255,255
9223372032559874000.jpg,255,254,255
365729.jpg,248,203,0
9223372032559874014.jpg,255,255,255
9223372032559873753.jpg,225,221,192
365715.jpg,64,64,54
9223372032559873747.jpg,153,162,179
365701.jpg,251,253,240
365718.jpg,52,42,40
9223372032559858281.jpg,223,247,251
365724.jpg,43,32,30
9223372032559873762.jpg,0,3,0
365730.jpg,249,209,0
9223372032559873776.jpg,255,255,255
9223372032559873789.jpg,171,41,27
9223372032559858242.jpg,249,249,249
9223372032559858256.jpg,0,0,0
9223372032559834171.jpg,71,50,31
9223372032559834165.jpg,255,255,255
9223372032559833622.jpg,254,255,250
9223372032559833636.jpg,0,0,0
9223372032559868632.jpg,219,178,148
9223372032559868801.jpg,25,26,21
9223372032559833805.jpg,8,0,0
9223372032559868815.jpg,144,101,32
9223372032559833839.jpg,131,126,120
9223372032559868829.jpg,255,255,255
9223372032559869470.jpg,193,177,141
9223372032559869302.jpg,0,0,2
9223372032559869464.jpg,255,255,255
9223372032559833971.jpg,114,109,103
9223372032559833965.jpg,255,255,255
9223372032559868949.jpg,255,255,255
9223372032559858134.jpg,28,20,17
9223372032559833795.jpg,21,21,21
9223372032559833781.jpg,116,97,67
9223372032559833959.jpg,0,0,0
9223372032559858120.jpg,255,255,255
9223372032559834207.jpg,255,255,255
9223372032559833568.jpg,0,0,0
9223372032559868578.jpg,174,146,122
9223372032559834213.jpg,249,242,223
9223372032559868550.jpg,87,55,32
9223372032559868544.jpg,11,1,0
9223372032559873825.jpg,36,35,33
9223372032559833597.jpg,233,222,202
9223372032559858336.jpg,242,242,242
9223372032559868593.jpg,0,0,0
365693.jpg,255,237,187
9223372032559873819.jpg,41,102,159
365687.jpg,223,219,181
9223372032559858322.jpg,0,0,0
365686.jpg,229,214,181
9223372032559873818.jpg,255,255,255
9223372032559833582.jpg,162,171,170
9223372032559858323.jpg,0,1,0
9223372032559858337.jpg,47,91,152
9223372032559833596.jpg,0,0,0
365692.jpg,237,119,57
9223372032559868592.jpg,255,255,255
9223372032559873824.jpg,192,192,192
9223372032559868545.jpg,255,254,255
9223372032559868551.jpg,221,202,188
9223372032559868579.jpg,34,29,0
9223372032559834212.jpg,221,217,218
9223372032559833569.jpg,255,250,254
9223372032559834206.jpg,255,255,255
9223372032559858121.jpg,252,255,255
9223372032559833958.jpg,255,255,255
9223372032559833780.jpg,193,167,116
9223372032559868948.jpg,224,222,209
9223372032559833794.jpg,127,97,59
9223372032559858135.jpg,255,255,255
9223372032559833964.jpg,255,255,255
9223372032559869303.jpg,255,255,255
9223372032559869465.jpg,219,238,234
9223372032559869471.jpg,174,133,45
9223372032559868828.jpg,254,254,254
9223372032559833838.jpg,195,164,179
9223372032559868814.jpg,224,225,207
9223372032559868800.jpg,243,230,222
9223372032559833804.jpg,217,209,198
9223372032559833637.jpg,3,3,3
9223372032559868633.jpg,210,211,213
9223372032559833623.jpg,145,128,120
9223372032559834164.jpg,255,255,255
9223372032559834170.jpg,160,138,117
9223372032559858257.jpg,192,219,246
9223372032559858243.jpg,156,208,255
9223372032559873788.jpg,255,255,255
9223372032559873777.jpg,163,110,34
365731.jpg,61,44,50
9223372032559858280.jpg,229,226,233
9223372032559873763.jpg,0,9,6
365725.jpg,66,49,41
365719.jpg,53,42,38
9223372032559873749.jpg,247,247,247
9223372032559873775.jpg,255,255,255
365727.jpg,227,166,0
9223372032559873761.jpg,255,255,211
9223372032559858282.jpg,28,29,23
9223372032559858269.jpg,255,255,255
9223372032559858255.jpg,107,154,206
9223372032559858241.jpg,255,253,255
9223372032559834166.jpg,222,238,254
9223372032559833609.jpg,3,4,6
9223372032559834172.jpg,0,0,0
9223372032559833635.jpg,80,79,49
9223372032559833621.jpg,0,0,0
9223372032559868802.jpg,255,184,30
9223372032559834199.jpg,255,255,255
9223372032559869467.jpg,240,241,236
9223372032559869301.jpg,3,0,0
9223372032559869473.jpg,7,0,0
9223372032559833966.jpg,13,19,43
9223372032559833972.jpg,37,37,35
9223372032559833782.jpg,189,193,202
9223372032559858123.jpg,155,202,254
9223372032559858137.jpg,1,1,1
9223372032559833796.jpg,0,0,0
9223372032559834210.jpg,255,255,255
9223372032559834204.jpg,255,255,255
9223372032559868547.jpg,10,18,37
9223372032559868553.jpg,113,117,92
9223372032559834238.jpg,17,0,0
9223372032559873826.jpg,180,124,41
9223372032559858321.jpg,0,0,0
9223372032559833580.jpg,0,0,0
365684.jpg,0,0,0
9223372032559868590.jpg,200,180,143
365690.jpg,239,225,198
9223372032559833594.jpg,255,255,255
9223372032559858335.jpg,228,233,237
365691.jpg,236,220,187
9223372032559868591.jpg,0,0,0
9223372032559858334.jpg,192,202,211
9223372032559833595.jpg,255,255,255
9223372032559833581.jpg,220,215,211
9223372032559858320.jpg,136,183,235
365685.jpg,241,241,241
9223372032559873827.jpg,255,255,255
9223372032559868552.jpg,145,65,32
9223372032559834239.jpg,255,254,255
9223372032559868546.jpg,29,26,19
9223372032559834205.jpg,255,255,255
9223372032559834211.jpg,255,237,213
9223372032559833797.jpg,255,254,216
9223372032559858136.jpg,7,7,7
9223372032559858122.jpg,96,148,206
9223372032559833783.jpg,176,173,180
9223372032559833973.jpg,0,0,0
9223372032559833967.jpg,255,255,255
9223372032559869472.jpg,214,177,62
9223372032559869466.jpg,221,245,255
9223372032559869300.jpg,255,255,255
9223372032559834198.jpg,0,0,0
9223372032559868803.jpg,243,244,248
9223372032559868817.jpg,2,21,38
9223372032559833620.jpg,30,21,16
9223372032559833634.jpg,175,162,146
9223372032559834173.jpg,0,0,0
9223372032559833608.jpg,114,112,115
9223372032559834167.jpg,0,0,16
9223372032559858240.jpg,242,242,242
9223372032559858254.jpg,251,251,251
9223372032559858268.jpg,34,54,89
9223372032559873760.jpg,49,25,38
365726.jpg,58,61,68
9223372032559858283.jpg,21,21,19
9223372032559873774.jpg,253,253,253
9223372032559873748.jpg,255,255,255
9223372032559873770.jpg,255,254,255
9223372032559858287.jpg,82,131,187
365722.jpg,243,209,0
9223372032559873764.jpg,18,16,17
9223372032559873758.jpg,253,253,253
9223372032559858250.jpg,252,252,252
9223372032559858244.jpg,254,254,254
9223372032559858278.jpg,156,156,164
9223372032559833630.jpg,249,255,255
9223372032559868634.jpg,211,191,128
9223372032559833624.jpg,255,255,255
9223372032559834163.jpg,0,0,2
9223372032559868608.jpg,255,255,255
9223372032559833618.jpg,202,183,169
9223372032559834177.jpg,33,32,38
9223372032559834188.jpg,255,255,255
9223372032559868813.jpg,39,20,5
9223372032559868807.jpg,64,34,36
9223372032559833803.jpg,20,20,28
9223372032559869338.jpg,17,13,4
9223372032559833778.jpg,255,255,255
9223372032559869304.jpg,18,21,26
9223372032559869462.jpg,22,13,14
9223372032559869310.jpg,255,255,255
9223372032559833787.jpg,41,41,41
9223372032559858126.jpg,255,255,255
9223372032559868797.jpg,181,46,17
9223372032559858132.jpg,255,255,255
9223372032559833793.jpg,0,0,0
9223372032559833963.jpg,44,47,64
9223372032559833977.jpg,41,41,41
9223372032559868542.jpg,14,2,2
9223372032559834229.jpg,215,226,218
9223372032559868556.jpg,7,0,0
9223372032559834215.jpg,232,239,231
9223372032559834201.jpg,255,255,255
365681.jpg,233,219,190
9223372032559858324.jpg,0,1,0
9223372032559833585.jpg,79,61,51
9223372032559833591.jpg,234,229,223
9223372032559858330.jpg,1,1,1
9223372032559868595.jpg,52,54,30
365695.jpg,241,232,201
9223372032559873823.jpg,255,255,255
9223372032559858318.jpg,10,12,11
9223372032559873822.jpg,255,255,218
9223372032559858319.jpg,255,255,255
9223372032559858331.jpg,13,8,2
9223372032559833590.jpg,234,230,227
365694.jpg,204,182,169
9223372032559868594.jpg,66,70,43
9223372032559833584.jpg,196,196,196
9223372032559858325.jpg,168,218,253
9223372032559834200.jpg,192,177,172
9223372032559834214.jpg,255,255,255
9223372032559868557.jpg,245,238,220
9223372032559868543.jpg,7,0,0
9223372032559834228.jpg,218,196,172
9223372032559833976.jpg,32,32,32
9223372032559833962.jpg,255,255,255
9223372032559868796.jpg,51,28,22
9223372032559833792.jpg,254,254,254
9223372032559858133.jpg,4,4,2
9223372032559858127.jpg,255,254,255
9223372032559833786.jpg,0,0,0
9223372032559869311.jpg,93,53,43
9223372032559869305.jpg,218,176,92
9223372032559869463.jpg,224,67,32
9223372032559869339.jpg,18,0,0
9223372032559868806.jpg,243,230,221
9223372032559868812.jpg,255,254,255
9223372032559834189.jpg,255,255,255
9223372032559834176.jpg,255,255,255
9223372032559833619.jpg,0,0,0
9223372032559834162.jpg,0,0,4
9223372032559868609.jpg,1,1,1
